id,name,level,summary,Industries_Served
scandiweb,scandiweb,Silver,The largest Adobe Commerce Certified team globally.  scandiweb is the only eCommerce agency happy to be your Plan B,"[""Automotive"", ""B2B High Tech"", ""Consumer Packaged Goods"", ""Media, Entertainment & Telecom"", ""Other (HR / IT / Legal / etc.)"", ""Retail"", ""Travel & Hospitality""]"
brainvire+infotech+inc,Brainvire Infotech Inc,Gold,"Award winning Digital Transformation agency, specialized in Adobe Commerce. Helping multiple brands and startups to launch or revamp their eCommerce journey. Serving B2B and B2C customers worldwide for their custom commerce operation needs.","[""Automotive"", ""B2B High Tech"", ""Consumer Packaged Goods"", ""Education"", ""Financial Services / Insurance"", ""Healthcare & Life Sciences"", ""Manufacturing & Distribution"", ""Media, Entertainment & Telecom"", ""Retail"", ""Travel & Hospitality""]"
publicis+sapient,Publicis Sapient,Platinum,TOGETHER WE TAKE DIGITAL EXPERIENCES INTO TOMORROW,"[""Automotive"", ""B2B High Tech"", ""Consumer Packaged Goods"", ""Education"", ""Financial Services / Insurance"", ""Government / Public Sector"", ""Manufacturing & Distribution"", ""Media, Entertainment & Telecom"", ""Retail"", ""Travel & Hospitality""]"
corra,Corra,Platinum,"Corra, a Publicis Sapient Company,  is the global commerce leader brands and B2B organizations trust to deliver comprehensive digital solutions that convert and retain customers in the long term.","[""Automotive"", ""B2B High Tech"", ""Consumer Packaged Goods"", ""Education"", ""Healthcare & Life Sciences"", ""Manufacturing & Distribution"", ""Media, Entertainment & Telecom"", ""Retail""]"
atwix,Atwix,Bronze,"eCommerce Vision. Delivered. Atwix helps businesses of every size transform eCommerce goals into reality. Our expertise includes strategic, tactical, and operational skill sets.","[""Automotive"", ""B2B High Tech"", ""Consumer Packaged Goods"", ""Education"", ""Financial Services / Insurance"", ""Government / Public Sector"", ""Manufacturing & Distribution"", ""Media, Entertainment & Telecom"", ""Non-Profit"", ""Other (HR / IT / Legal / etc.)"", ""Retail"", ""Travel & Hospitality""]"
valtech,Valtech,Platinum,Valtech is the experience innovation company.,"[""Automotive"", ""B2B High Tech"", ""Consumer Packaged Goods"", ""Financial Services / Insurance"", ""Government / Public Sector"", ""Healthcare & Life Sciences"", ""Manufacturing & Distribution"", ""Media, Entertainment & Telecom"", ""Other (HR / IT / Legal / etc.)"", ""Retail"", ""Travel & Hospitality""]"
epam+systems,EPAM Systems,Platinum,About EPAM Systems,"[""Automotive"", ""B2B High Tech"", ""Consumer Packaged Goods"", ""Financial Services / Insurance"", ""Manufacturing & Distribution"", ""Media, Entertainment & Telecom"", ""Other (HR / IT / Legal / etc.)"", ""Retail"", ""Travel & Hospitality""]"
binary+anvil,Binary Anvil,Silver,"EXPERIENCED, DEDICATED & READY TO GO","[""B2B High Tech"", ""Consumer Packaged Goods"", ""Government / Public Sector"", ""Manufacturing & Distribution"", ""Retail""]"
krish+technolabs,Krish TechnoLabs,Silver,"Established in 2003, Krish is an award winning full-service digital commerce agency that help brands to innovate, evolve and thrive at digital commerce.","[""Automotive"", ""B2B High Tech"", ""Consumer Packaged Goods"", ""Manufacturing & Distribution"", ""Media, Entertainment & Telecom"", ""Retail"", ""Travel & Hospitality""]"
ziffity+solutions+llc,Ziffity Solutions LLC,Silver,"Ziffity is a full-service eCommerce agency focused on helping B2B and B2C brands overcome their challenges and achieve their aspirations with Adobe’s eCommerce, digital experience and marketing technology capabilities.","[""Automotive"", ""B2B High Tech"", ""Consumer Packaged Goods"", ""Education"", ""Financial Services / Insurance"", ""Government / Public Sector"", ""Healthcare & Life Sciences"", ""Manufacturing & Distribution"", ""Retail"", ""Travel & Hospitality""]"
omni.pro,OMNI.PRO,Gold,"Because innovation waits for no one, we grab technology head on to ensure we overcome whatever curve ball it may throw. We may not have control on where the future will go but we have control on how we face it. ","[""Automotive"", ""B2B High Tech"", ""Consumer Packaged Goods"", ""Financial Services / Insurance"", ""Government / Public Sector"", ""Manufacturing & Distribution"", ""Media, Entertainment & Telecom"", ""Retail""]"
247+commerce+limited,247 Commerce Limited,Bronze,"We are a full-service eCommerce agency, powering online growth through the development of user-centric, technically-advanced websites, supported by strong UX/UI design,  strategic marketing and consultancy, as well as powerful  API integrations.","[""Automotive"", ""B2B High Tech"", ""Consumer Packaged Goods"", ""Education"", ""Manufacturing & Distribution"", ""Non-Profit"", ""Retail"", ""Travel & Hospitality""]"
webjump,WEBJUMP,Platinum,WEBJUMP is the leading Adobe Partner providing agile development teams through AI,"[""Automotive"", ""B2B High Tech"", ""Consumer Packaged Goods"", ""Education"", ""Financial Services / Insurance"", ""Manufacturing & Distribution"", ""Media, Entertainment & Telecom"", ""Retail"", ""Travel & Hospitality""]"
fpt+software+company+limited,FPT Software Company Limited,Gold,"With more than 20 years of experience, we have helped a wide range of clients to achieve digital transformation by enhancing customer experiences, boosting operational excellence and innovating business models.","[""Automotive"", ""B2B High Tech"", ""Consumer Packaged Goods"", ""Financial Services / Insurance"", ""Manufacturing & Distribution"", ""Media, Entertainment & Telecom"", ""Other (HR / IT / Legal / etc.)"", ""Retail"", ""Travel & Hospitality""]"
blue+acorn+ici,Blue Acorn iCi,Platinum,Blue Acorn iCi  x Infosys,"[""Automotive"", ""B2B High Tech"", ""Consumer Packaged Goods"", ""Education"", ""Financial Services / Insurance"", ""Government / Public Sector"", ""Manufacturing & Distribution"", ""Media, Entertainment & Telecom"", ""Other (HR / IT / Legal / etc.)"", ""Retail""]"
merkle,Merkle,Platinum,"Merkle is a leading technology-enabled, data-driven customer experience management (CXM) company. Capabilities include customer strategy, performance media, CX and personalization, CRM, loyalty marketing and enterprise technology services.","[""Automotive"", ""B2B High Tech"", ""Consumer Packaged Goods"", ""Education"", ""Financial Services / Insurance"", ""Government / Public Sector"", ""Healthcare & Life Sciences"", ""Manufacturing & Distribution"", ""Media, Entertainment & Telecom"", ""Non-Profit"", ""Other (HR / IT / Legal / etc.)"", ""Retail"", ""Travel & Hospitality""]"
rave+digital,Rave Digital,Bronze,"Rave Digital is a top-rated Magento Certified, Silver Partner focused on Open Source, M2 Commerce and Commerce Cloud solutions.","[""Automotive"", ""B2B High Tech"", ""Consumer Packaged Goods"", ""Manufacturing & Distribution"", ""Media, Entertainment & Telecom"", ""Non-Profit"", ""Retail""]"
perficient,Perficient,Platinum,Leading digital change. Driving real results.,"[""Automotive"", ""B2B High Tech"", ""Consumer Packaged Goods"", ""Education"", ""Financial Services / Insurance"", ""Government / Public Sector"", ""Manufacturing & Distribution"", ""Media, Entertainment & Telecom"", ""Retail"", ""Travel & Hospitality""]"
i95dev,i95Dev,Bronze,"i95Dev is a global eCommerce agency helping brands from Retail, Manufacturing and Wholesale Distribution build robust, scalable, and efficient eCommerce solutions.","[""Automotive"", ""Consumer Packaged Goods"", ""Education"", ""Manufacturing & Distribution"", ""Non-Profit"", ""Other (HR / IT / Legal / etc.)"", ""Retail"", ""Travel & Hospitality""]"
kensium,Kensium,Bronze,We specialize in creating scalable and integrated ecommerce solutions.,"[""Automotive"", ""B2B High Tech"", ""Consumer Packaged Goods"", ""Education"", ""Manufacturing & Distribution"", ""Other (HR / IT / Legal / etc.)"", ""Retail""]"
dotcomweavers,DotcomWeavers,Gold,We specialize in commerce transformation through a deep understanding of clients’ business models to create customized digital solutions.,"[""Automotive"", ""B2B High Tech"", ""Consumer Packaged Goods"", ""Education"", ""Manufacturing & Distribution"", ""Retail""]"
silk+commerce,Silk Commerce,Silver,Digital Agency for B2B and Global Brands,"[""Automotive"", ""B2B High Tech"", ""Consumer Packaged Goods"", ""Education"", ""Healthcare & Life Sciences"", ""Manufacturing & Distribution"", ""Media, Entertainment & Telecom"", ""Retail"", ""Travel & Hospitality""]"
born+group,BORN Group,Platinum,"Connecting creative, content and commerce to transform brands and grow businesses. BORN is an award-winning global digital & content production agency.","[""B2B High Tech"", ""Consumer Packaged Goods"", ""Manufacturing & Distribution"", ""Retail""]"
elogic+commerce,Elogic Commerce,Bronze,Elogic is an Adobe Commerce focused partner agency. We transform retail brands into e-commerce leaders by creating unique digital commerce experiences with the help of cutting edge technologies and the leading industry expertise.,"[""Automotive"", ""B2B High Tech"", ""Consumer Packaged Goods"", ""Manufacturing & Distribution"", ""Media, Entertainment & Telecom"", ""Retail"", ""Travel & Hospitality""]"
rightpoint,Rightpoint,Platinum,"Rightpoint is a Total Experience company. We drive growth by delivering experiences that transform how people, technology, and businesses interact.","[""Automotive"", ""B2B High Tech"", ""Consumer Packaged Goods"", ""Education"", ""Financial Services / Insurance"", ""Healthcare & Life Sciences"", ""Manufacturing & Distribution"", ""Media, Entertainment & Telecom"", ""Non-Profit"", ""Other (HR / IT / Legal / etc.)"", ""Retail"", ""Travel & Hospitality""]"
absolute+web,Absolute Web,Bronze,"Established in 1999, Absolute Web is am Adobe Commerce (Magento) Partner, with offices in Miami (Florida) and Los Angeles (California), helping B2C and B2B companies achieve their eCommerce goals.","[""B2B High Tech"", ""Consumer Packaged Goods"", ""Healthcare & Life Sciences"", ""Manufacturing & Distribution"", ""Other (HR / IT / Legal / etc.)"", ""Retail"", ""Travel & Hospitality""]"
o2+web,O2 Web,Silver,"Adobe Digital Experience Emerging Solution Partner of the Year, O2Web's team of experts helps you go beyond your goals and focus on your customers.","[""Automotive"", ""B2B High Tech"", ""Consumer Packaged Goods"", ""Manufacturing & Distribution"", ""Media, Entertainment & Telecom"", ""Non-Profit"", ""Retail"", ""Travel & Hospitality""]"
mrm,MRM,Platinum,"MRM, part of McCann Worldgroup, is a customer experience agency made up of a diverse collection of people focused on creativity, performance and technology. We provide technology driven marketing solutions to Fortune 100 companies.","[""Automotive"", ""B2B High Tech"", ""Consumer Packaged Goods"", ""Education"", ""Financial Services / Insurance"", ""Government / Public Sector"", ""Manufacturing & Distribution"", ""Media, Entertainment & Telecom"", ""Other (HR / IT / Legal / etc.)"", ""Retail"", ""Travel & Hospitality""]"
tata+consultancy+services+%28tcs%29,Tata Consultancy Services (TCS),Platinum,"Tata Consultancy Services is an IT services, consulting and business solutions organization that delivers real results to global business, ensuring a level of certainty no other firm can match","[""Automotive"", ""B2B High Tech"", ""Consumer Packaged Goods"", ""Financial Services / Insurance"", ""Government / Public Sector"", ""Healthcare & Life Sciences"", ""Manufacturing & Distribution"", ""Media, Entertainment & Telecom"", ""Other (HR / IT / Legal / etc.)"", ""Retail"", ""Travel & Hospitality""]"
wolf+sellers,Wolf Sellers,Gold,"We specialize in B2B, B2C, MarketPlaces and Tailor-made eCommerce solutions.","[""Automotive"", ""B2B High Tech"", ""Consumer Packaged Goods"", ""Education"", ""Financial Services / Insurance"", ""Government / Public Sector"", ""Healthcare & Life Sciences"", ""Manufacturing & Distribution"", ""Media, Entertainment & Telecom"", ""Other (HR / IT / Legal / etc.)"", ""Retail"", ""Travel & Hospitality""]"
infosys+ltd,Infosys Ltd,Platinum,Infosys is a global leader in technology services and consulting enabling client in more than 50 countries to create and execute strategies for their digital transformation that help clients stay a step ahead of emerging business trends.,"[""Automotive"", ""B2B High Tech"", ""Consumer Packaged Goods"", ""Education"", ""Financial Services / Insurance"", ""Government / Public Sector"", ""Healthcare & Life Sciences"", ""Manufacturing & Distribution"", ""Media, Entertainment & Telecom"", ""Other (HR / IT / Legal / etc.)"", ""Retail"", ""Travel & Hospitality""]"
crimson+agility,Crimson Agility,Gold,Crimson Agility is an Adobe Commerce partner dedicated to helping our clients achieve positive outcomes and grow their businesses.,"[""Automotive"", ""B2B High Tech"", ""Government / Public Sector"", ""Manufacturing & Distribution"", ""Non-Profit"", ""Retail""]"
bounteous,Bounteous,Gold,Bounteous creates big-picture digital solutions that help leading companies deliver transformational brand experiences.,"[""Automotive"", ""B2B High Tech"", ""Consumer Packaged Goods"", ""Education"", ""Financial Services / Insurance"", ""Government / Public Sector"", ""Manufacturing & Distribution"", ""Media, Entertainment & Telecom"", ""Non-Profit"", ""Other (HR / IT / Legal / etc.)"", ""Retail"", ""Travel & Hospitality""]"
williams+commerce,Williams Commerce,Silver,"Williams Commerce is a full-service digital agency specialising in Digital Transformation, Ecommerce Development, Digital Marketing, Systems Integration, multi-channel Growth Consultancy and Ecommerce Support.","[""Automotive"", ""B2B High Tech"", ""Consumer Packaged Goods"", ""Education"", ""Manufacturing & Distribution"", ""Other (HR / IT / Legal / etc.)"", ""Retail""]"
northern+commerce,Northern Commerce,Bronze,Northern Commerce provides integrated digital solutions for brands aspiring to excel through digital transformation.,"[""Automotive"", ""B2B High Tech"", ""Consumer Packaged Goods"", ""Education"", ""Financial Services / Insurance"", ""Government / Public Sector"", ""Healthcare & Life Sciences"", ""Manufacturing & Distribution"", ""Media, Entertainment & Telecom"", ""Other (HR / IT / Legal / etc.)"", ""Retail"", ""Travel & Hospitality""]"
ranosys+technologies,Ranosys Technologies,Bronze,"Ranosys is an CMMI Level 3 Global Digital Consulting Company headquartered in Singapore with international footprints in the UK, US, Middle East and APAC regions. Ranosys is trusted by B2C brands and B2B organizations to accelerate their digital growth.","[""B2B High Tech"", ""Consumer Packaged Goods"", ""Education"", ""Financial Services / Insurance"", ""Government / Public Sector"", ""Manufacturing & Distribution"", ""Retail"", ""Travel & Hospitality""]"
itg+commerce,ITG Commerce,Bronze,PWA's. MarketPlaces. We are Pioneers of E-Commerce.,"[""B2B High Tech"", ""Consumer Packaged Goods"", ""Manufacturing & Distribution"", ""Non-Profit"", ""Retail"", ""Travel & Hospitality""]"
human+element+inc.,Human Element Inc.,Bronze,"Human Element is more than just our name, it’s our philosophy, and we incorporate it into everything we do. We put people at the heart of our processes.","[""Automotive"", ""B2B High Tech"", ""Consumer Packaged Goods"", ""Manufacturing & Distribution"", ""Retail""]"
iwd+agency,IWD Agency,Bronze,"IWD is an eCommerce agency specializing in Magento website development, Magento support, graphic design & digital marketing.","[""Automotive"", ""B2B High Tech"", ""Consumer Packaged Goods"", ""Education"", ""Financial Services / Insurance"", ""Government / Public Sector"", ""Manufacturing & Distribution"", ""Media, Entertainment & Telecom"", ""Non-Profit"", ""Retail"", ""Travel & Hospitality""]"
iovista%2C+inc.,"ioVista, Inc.",Bronze,"Since 2004 - ioVista has helped B2B and B2C brands transition to a digital-first world by creating high-functioning user interfaces and experiences. From brand and marketing strategy to site design and functionality, ioVista clients get results.","[""Automotive"", ""B2B High Tech"", ""Consumer Packaged Goods"", ""Education"", ""Financial Services / Insurance"", ""Government / Public Sector"", ""Manufacturing & Distribution"", ""Media, Entertainment & Telecom"", ""Non-Profit"", ""Other (HR / IT / Legal / etc.)"", ""Retail"", ""Travel & Hospitality""]"
above+the+fray+design%2C+inc.,"Above The Fray Design, Inc.",Silver,"Above The Fray is a true end-to-end ecommerce agency specializing in consulting, designing, building, integrating, and evolving digital commerce for growth-ready manufacturers.","[""B2B High Tech"", ""Consumer Packaged Goods"", ""Manufacturing & Distribution"", ""Other (HR / IT / Legal / etc.)"", ""Retail""]"
reply,Reply,Platinum,"Reply is a group that specialises in consulting, technologies and digital services with a focus on the conception, design and development of solutions based on new communication channels and digital media.","[""Automotive"", ""B2B High Tech"", ""Consumer Packaged Goods"", ""Education"", ""Financial Services / Insurance"", ""Government / Public Sector"", ""Manufacturing & Distribution"", ""Media, Entertainment & Telecom"", ""Non-Profit"", ""Other (HR / IT / Legal / etc.)"", ""Retail"", ""Travel & Hospitality""]"
gomage,GOMAGE,Bronze,Most merchants refer to us as the eCommerce development agency. But looking at the number of stalled Magento & PWA projects we have turned around after other developers – you could think of us as the 'last agency stop' to take over your website project.,"[""Automotive"", ""B2B High Tech"", ""Consumer Packaged Goods"", ""Education"", ""Financial Services / Insurance"", ""Government / Public Sector"", ""Healthcare & Life Sciences"", ""Manufacturing & Distribution"", ""Media, Entertainment & Telecom"", ""Other (HR / IT / Legal / etc.)"", ""Retail"", ""Travel & Hospitality""]"
profstep,ProfStep,Bronze,ProfStep is on a mission of delivering high-quality solutions for the Magento and Adobe Commerce Cloud applications. We have boots on the ground in both the US and Ukraine and will provide an enterprise level of support for a wide variety of organizations,"[""Automotive"", ""B2B High Tech"", ""Consumer Packaged Goods"", ""Education"", ""Financial Services / Insurance"", ""Government / Public Sector"", ""Manufacturing & Distribution"", ""Media, Entertainment & Telecom"", ""Non-Profit"", ""Other (HR / IT / Legal / etc.)"", ""Retail"", ""Travel & Hospitality""]"
hero+digital,Hero Digital,Gold,"We are Hero, a new kind of Customer Experience company.  Born at the intersection of business, design, and technology, we create experiences of Truth & Beauty to have a positive impact on people—and on the businesses that serve them.","[""B2B High Tech"", ""Financial Services / Insurance"", ""Retail"", ""Travel & Hospitality""]"
eguana+commerce,Eguana Commerce,Bronze,"Eguana Commerce is a trusted eCommerce solutions development, support & maintenance agency with an expert understanding of eCommerce business. With more than 10 years of eCommerce experiences, we are a leading solution partner in Korea and abroad.","[""Automotive"", ""B2B High Tech"", ""Consumer Packaged Goods"", ""Financial Services / Insurance"", ""Manufacturing & Distribution"", ""Media, Entertainment & Telecom"", ""Retail"", ""Travel & Hospitality""]"
findcanary,FindCanary,Bronze,A team of e-commerce experts that design and develop solutions that allow you to not only find but celebrate success,"[""Automotive"", ""Consumer Packaged Goods"", ""Healthcare & Life Sciences"", ""Manufacturing & Distribution"", ""Media, Entertainment & Telecom"", ""Retail""]"
swiftotter%2C+inc.,"SwiftOtter, Inc.",Bronze,"SwiftOtter is a agency focused on delivering high-quality solutions for the Magento and Adobe Commerce Cloud applications. We are certified professionals. We are accessible. As a result, we have many happy merchants.","[""B2B High Tech"", ""Consumer Packaged Goods"", ""Manufacturing & Distribution"", ""Retail""]"
classy+llama,Classy Llama,Bronze,A digital commerce agency passionate about helping merchants grow and build their business.,"[""Automotive"", ""B2B High Tech"", ""Consumer Packaged Goods"", ""Manufacturing & Distribution"", ""Retail""]"
magenest,Magenest,Bronze,"Magenest is an Adobe Bronze Solution Partner and an one-stop technology solution agency. We deliver an interconnected system of eCommerce, ERP, Customer frontline and Cloud hosting solutions.","[""Automotive"", ""Consumer Packaged Goods"", ""Education"", ""Financial Services / Insurance"", ""Manufacturing & Distribution"", ""Media, Entertainment & Telecom"", ""Other (HR / IT / Legal / etc.)"", ""Retail"", ""Travel & Hospitality""]"
credera,Credera,Platinum,"Credera, a global consulting firm, combines transformational consulting capabilities, deep industry knowledge, and AI and technology expertise to deliver valuable customer experiences and accelerated growth across a broad range of industries worldwide.","[""Automotive"", ""B2B High Tech"", ""Consumer Packaged Goods"", ""Education"", ""Financial Services / Insurance"", ""Government / Public Sector"", ""Manufacturing & Distribution"", ""Media, Entertainment & Telecom"", ""Non-Profit"", ""Other (HR / IT / Legal / etc.)"", ""Retail"", ""Travel & Hospitality""]"
concentrix+catalyst,Concentrix Catalyst,Gold,We accelerate CX transformation at scale,"[""Automotive"", ""B2B High Tech"", ""Consumer Packaged Goods"", ""Education"", ""Financial Services / Insurance"", ""Healthcare & Life Sciences"", ""Manufacturing & Distribution"", ""Media, Entertainment & Telecom"", ""Retail"", ""Travel & Hospitality""]"
accorin+%28wasserman+digital+as+of+02-15-23%29,Accorin (Wasserman Digital as of 02-15-23),Bronze,"Accorin - Wasserman Digital  is a digital commerce agency with deep experience designing, building, and integrating Adobe - Magento e-commerce solutions.  We have a team spanning 10 time zones many of whom are Certified Adobe-Magento Professionals.","[""Automotive"", ""B2B High Tech"", ""Consumer Packaged Goods"", ""Government / Public Sector"", ""Manufacturing & Distribution"", ""Media, Entertainment & Telecom"", ""Retail""]"
guidance,Guidance,Silver,"For over 25 years, Guidance has designed, developed & delivered award-winning ecommerce solutions for our clients.","[""Automotive"", ""B2B High Tech"", ""Consumer Packaged Goods"", ""Education"", ""Financial Services / Insurance"", ""Government / Public Sector"", ""Healthcare & Life Sciences"", ""Manufacturing & Distribution"", ""Media, Entertainment & Telecom"", ""Other (HR / IT / Legal / etc.)"", ""Retail"", ""Travel & Hospitality""]"
accenture,Accenture,Platinum,Unleashing purposeful connections,"[""Automotive"", ""B2B High Tech"", ""Consumer Packaged Goods"", ""Education"", ""Financial Services / Insurance"", ""Government / Public Sector"", ""Manufacturing & Distribution"", ""Media, Entertainment & Telecom"", ""Non-Profit"", ""Other (HR / IT / Legal / etc.)"", ""Retail"", ""Travel & Hospitality""]"
vaimo,Vaimo,Gold,"One of the world’s most respected experts on delivering solutions on Adobe Commerce, Adobe Experience Manager, Adobe Target, Adobe Campaign and Adobe Analytics . Local presence in 15+ markets in the Americas and EMEA.  B2B, B2C, D2C & Marketplace.","[""Automotive"", ""B2B High Tech"", ""Consumer Packaged Goods"", ""Healthcare & Life Sciences"", ""Manufacturing & Distribution"", ""Media, Entertainment & Telecom"", ""Other (HR / IT / Legal / etc.)"", ""Retail"", ""Travel & Hospitality""]"
magebit,Magebit,Bronze,Global digital commerce agency. Trusted by Fortune 500 companies.,"[""Automotive"", ""Consumer Packaged Goods"", ""Other (HR / IT / Legal / etc.)"", ""Retail""]"
encora+holdings+llc,Encora Holdings LLC,Bronze,"We help you define your strategic innovation roadmap, build capabilities to accelerate your pace, fast track your development process, and maximize market adoption.","[""Other (HR / IT / Legal / etc.)""]"
pwc,PwC,Platinum,"Trust is the currency of modern B2C and B2B customer experiences. PwC helps companies deliver trust with our Business, eXperience, and Technology (BXT) approach to digital and marketing transformations.","[""Automotive"", ""B2B High Tech"", ""Consumer Packaged Goods"", ""Financial Services / Insurance"", ""Manufacturing & Distribution"", ""Media, Entertainment & Telecom"", ""Retail"", ""Travel & Hospitality""]"
deloitte+digital,Deloitte Digital,Platinum,"Collaborating from insight to impact, Deloitte Digital and Adobe are delivering dynamic solutions that drive sales and inspire user loyalty with each interaction.","[""Automotive"", ""B2B High Tech"", ""Consumer Packaged Goods"", ""Education"", ""Financial Services / Insurance"", ""Government / Public Sector"", ""Manufacturing & Distribution"", ""Media, Entertainment & Telecom"", ""Retail"", ""Travel & Hospitality""]"
beijing+shinetech+china+software+inc.,Beijing Shinetech China Software Inc.,Bronze,"With 520+ collaborative agile developers in 25 offices over 6 countries, you can reach a consistent service partner by working with an office near you.",[]
diconium+digital+solutions+gmbh,diconium digital solutions GmbH,Gold,"As a strong partner, diconium accompanies its customers through the entire digitization process: from Innovation & Strategy, UX, Data & AI, Commerce and Technology to the creation of digital units.","[""Automotive"", ""B2B High Tech"", ""Consumer Packaged Goods"", ""Financial Services / Insurance"", ""Healthcare & Life Sciences"", ""Manufacturing & Distribution"", ""Media, Entertainment & Telecom"", ""Other (HR / IT / Legal / etc.)"", ""Retail""]"
embitel+technologies+pvt.+ltd.,Embitel Technologies Pvt. Ltd.,Silver,"Embitel is a full-service CXM and E-commerce solutions development, support & maintenance company, based in Bangalore, India.","[""Automotive"", ""B2B High Tech"", ""Consumer Packaged Goods"", ""Financial Services / Insurance"", ""Healthcare & Life Sciences"", ""Manufacturing & Distribution"", ""Media, Entertainment & Telecom"", ""Retail"", ""Travel & Hospitality""]"
datasolution,DATASOLUTION,Silver,"Founded in 2003, DATASOLUTION is a leading partner in digital transformation. With 300 experts in eCommerce, PIM/MDM, design and digital innovation, DATASOLUTION will support companies in all digital challenges.","[""Automotive"", ""B2B High Tech"", ""Consumer Packaged Goods"", ""Manufacturing & Distribution"", ""Media, Entertainment & Telecom"", ""Retail"", ""Travel & Hospitality""]"
overdose,Overdose,Silver,"We deliver full service solutions, from Strategy & Design, through Development & Optimisation and Search & Marketing. We have a robust Data & Analytics practice, and we are Adobe Gold Partners specialising in Magento Commerce.","[""Automotive"", ""B2B High Tech"", ""Consumer Packaged Goods"", ""Education"", ""Financial Services / Insurance"", ""Healthcare & Life Sciences"", ""Manufacturing & Distribution"", ""Media, Entertainment & Telecom""]"
ibm,IBM,Platinum,Let IBM reimagine your business and deliver the customer experiences of the future—with speed and at scale.,"[""Automotive"", ""B2B High Tech"", ""Consumer Packaged Goods"", ""Education"", ""Financial Services / Insurance"", ""Government / Public Sector"", ""Healthcare & Life Sciences"", ""Manufacturing & Distribution"", ""Media, Entertainment & Telecom"", ""Non-Profit"", ""Other (HR / IT / Legal / etc.)"", ""Retail"", ""Travel & Hospitality""]"
rltsquare,RLTSquare,Bronze,RLTSquare is your one-stop Magento development shop.  We are a team of 75+ Magento enthusiasts who have gathered to produce a sum that is larger than the whole of the parts!  We are on our path to emerge as a globally recognized Magento Solution Partner.,"[""Automotive"", ""B2B High Tech"", ""Consumer Packaged Goods"", ""Education"", ""Financial Services / Insurance"", ""Manufacturing & Distribution"", ""Media, Entertainment & Telecom"", ""Non-Profit"", ""Other (HR / IT / Legal / etc.)"", ""Retail"", ""Travel & Hospitality""]"
viha+digital+commerce+private+limited,Viha Digital Commerce Private Limited,Bronze,Viha Digital Commerce is a most trusted Magento Store Development having 8+ years of Work Experience.,"[""Automotive"", ""B2B High Tech"", ""Consumer Packaged Goods"", ""Education"", ""Financial Services / Insurance"", ""Manufacturing & Distribution"", ""Other (HR / IT / Legal / etc.)"", ""Retail""]"
visionet+systems,Visionet Systems,Bronze,"A full services global technology consulting partner with specialization in CPG, Retail, and eCommerce, Wholesale, Supply Chain and Distribution, Fashion and Apparel,  and consumer lending practices.","[""Retail""]"
commerce+pundit,COMMERCE PUNDIT,Bronze,"Commerce Pundit is a Web Service Agency specializing in Design & Development, eCommerce Solutions, Inbound Marketing and Marketplace Management located in Atlanta, Georgia.","[""Automotive"", ""B2B High Tech"", ""Consumer Packaged Goods"", ""Manufacturing & Distribution"", ""Other (HR / IT / Legal / etc.)"", ""Retail""]"
terrific+minds,Terrific Minds,Bronze,Solution Partners with a Global Clientele,"[""Consumer Packaged Goods"", ""Education"", ""Healthcare & Life Sciences"", ""Media, Entertainment & Telecom"", ""Retail""]"
121ecommerce+llc,121eCommerce LLC,Bronze,eCommerce expertise you can trust,"[""Automotive"", ""B2B High Tech"", ""Consumer Packaged Goods"", ""Education"", ""Financial Services / Insurance"", ""Healthcare & Life Sciences"", ""Manufacturing & Distribution"", ""Media, Entertainment & Telecom"", ""Other (HR / IT / Legal / etc.)"", ""Retail"", ""Travel & Hospitality""]"
perspective+studio,Perspective Studio,Bronze,Our company was built in 2009 and since that time we started creating eCommerce solutions of various kinds. Since 2012 and up till now we have been providing support and development for both Magento 1 and Magento 2 projects.,"[""Other (HR / IT / Legal / etc.)"", ""Retail""]"
ltimindtree,LTIMindtree,Platinum,LTIMindtree is a leader in providing digital transformation and technology services,"[""Automotive"", ""B2B High Tech"", ""Consumer Packaged Goods"", ""Education"", ""Financial Services / Insurance"", ""Government / Public Sector"", ""Manufacturing & Distribution"", ""Media, Entertainment & Telecom"", ""Non-Profit"", ""Other (HR / IT / Legal / etc.)"", ""Retail"", ""Travel & Hospitality""]"
rock+technolabs,Rock Technolabs,Bronze,Looking For Magento partner who can do anything related to Magento 1 or 2 ?  We can help you with all kind of solution related to Magento 1 or 2 .  We Love to help you  so connect us on info@rocktechnolabs.com to discuss more .,"[""Automotive"", ""B2B High Tech"", ""Financial Services / Insurance"", ""Manufacturing & Distribution"", ""Media, Entertainment & Telecom"", ""Retail"", ""Travel & Hospitality""]"
sigma+infosolutions+inc.,Sigma Infosolutions Inc.,Bronze,"A global solutions partner, Sigma combines creative thinking and technical craftsmanship to create captivating digital experiences for online stores in US & APAC.","[""Automotive"", ""B2B High Tech"", ""Consumer Packaged Goods"", ""Education"", ""Financial Services / Insurance"", ""Healthcare & Life Sciences"", ""Manufacturing & Distribution"", ""Media, Entertainment & Telecom"", ""Retail""]"
mcfadyen+digital,McFadyen Digital,Silver,"McFadyen Digital is a Global Strategic Systems Integrator with over 25 years of experience in ecommerce and marketplace implementations. We have deep B2C and B2B expertise, handling everything from well-funded startups to multi-billion dollar sites.","[""Automotive"", ""B2B High Tech"", ""Consumer Packaged Goods"", ""Education"", ""Financial Services / Insurance"", ""Manufacturing & Distribution"", ""Media, Entertainment & Telecom"", ""Non-Profit"", ""Retail"", ""Travel & Hospitality""]"
exinent,Exinent,Bronze,"Exinent is where unmatched Magento expertise meets a passion for success. We are a dedicated Adobe Commerce/Magento development agency based in RTP, NC, and have been at the forefront of Magento development, support, and maintenance over the past decade.","[""Automotive"", ""B2B High Tech"", ""Consumer Packaged Goods"", ""Manufacturing & Distribution"", ""Media, Entertainment & Telecom"", ""Retail"", ""Travel & Hospitality""]"
cognizant,Cognizant,Platinum,"Cognizant builds scalable Adobe Experience Cloud solutions that deliver business-critical digital experiences, connecting brands with their customers","[""Automotive"", ""B2B High Tech"", ""Consumer Packaged Goods"", ""Education"", ""Financial Services / Insurance"", ""Government / Public Sector"", ""Manufacturing & Distribution"", ""Media, Entertainment & Telecom"", ""Other (HR / IT / Legal / etc.)"", ""Retail"", ""Travel & Hospitality""]"
hcltech,HCLTech,Platinum,A $12.6 billion global technology company HCLTech brings IT and engineering services expertise under one roof to solve complex business problems for its clients and leverage its extensive global delivery infrastructure & offices in 60 countries.,"[""Automotive"", ""B2B High Tech"", ""Consumer Packaged Goods"", ""Education"", ""Financial Services / Insurance"", ""Government / Public Sector"", ""Manufacturing & Distribution"", ""Media, Entertainment & Telecom"", ""Non-Profit"", ""Other (HR / IT / Legal / etc.)"", ""Retail"", ""Travel & Hospitality""]"
klizer,Klizer,Bronze,"eCommerce Solutions Experts Trusted by Manufacturers, Distributors and Brands","[""B2B High Tech"", ""Consumer Packaged Goods"", ""Manufacturing & Distribution"", ""Retail""]"
vml%2C+inc,"VML, Inc",Platinum,"VMLY&R is a global marketing agency with more than 7,000 employees worldwide with principal offices in Kansas City, London, New York, Sao Paulo, Shanghai, Singapore and Sydney.","[""Automotive"", ""B2B High Tech"", ""Consumer Packaged Goods"", ""Financial Services / Insurance"", ""Healthcare & Life Sciences"", ""Manufacturing & Distribution"", ""Media, Entertainment & Telecom"", ""Retail""]"
capgemini+global,Capgemini Global,Platinum,"Capgemini is a global leader in Digital  Technology Consulting, Design, Transformation, and Engineering Services.","[""Automotive"", ""B2B High Tech"", ""Consumer Packaged Goods"", ""Education"", ""Financial Services / Insurance"", ""Government / Public Sector"", ""Manufacturing & Distribution"", ""Media, Entertainment & Telecom"", ""Non-Profit"", ""Retail"", ""Travel & Hospitality""]"
balloon+group,Balloon Group,Bronze,"We connect strategy, technology and data to grow brands in more than 12 countries. We are one of the fastest growing companies in the industry, becoming the eCommerce team of the companies that trust us.","[""Automotive"", ""Consumer Packaged Goods"", ""Financial Services / Insurance"", ""Manufacturing & Distribution"", ""Media, Entertainment & Telecom"", ""Other (HR / IT / Legal / etc.)"", ""Retail""]"
echidna%2C+inc.,"Echidna, Inc.",Bronze,We are a commerce solutions agency lead by a team and executives with roots stretching back to the earliest days of online commerce and dedicated to helping our clients launch modern commerce experiences to delight customers and grow their businesses.,"[""Automotive"", ""B2B High Tech"", ""Consumer Packaged Goods"", ""Financial Services / Insurance"", ""Manufacturing & Distribution"", ""Retail""]"
improntus,Improntus,Silver,"Improntus is a leading e-commerce agency that works exclusively under the Magento platform, delivering high quality software. Through our deep understanding of the technology, we have managed to become one of the industry leaders in the region.","[""Retail""]"
acid+labs,Acid Labs,Bronze,"Accelerate and evolve your business through talent, technology and innovation","[""Consumer Packaged Goods"", ""Government / Public Sector"", ""Manufacturing & Distribution"", ""Retail""]"
creatuity,Creatuity,Bronze,"Creatuity provides expert implementation, optimization, and support services so your customers get what they want, your sales grow, and you have peace of mind.","[""B2B High Tech"", ""Consumer Packaged Goods"", ""Manufacturing & Distribution"", ""Retail""]"
globallogic+inc.,GlobalLogic Inc.,Bronze,"GlobalLogic, a Hitachi Group Company, is a leader in digital product engineering. We help our clients design and build innovative products, platforms, and digital experiences for the modern world.","[""Automotive"", ""B2B High Tech"", ""Consumer Packaged Goods"", ""Education"", ""Financial Services / Insurance"", ""Manufacturing & Distribution"", ""Media, Entertainment & Telecom"", ""Non-Profit"", ""Other (HR / IT / Legal / etc.)"", ""Retail"", ""Travel & Hospitality""]"
unity+group,Unity Group,Bronze,Implement solutions with impact. Digitize all aspects of your business and gain the technological advantage cooperating with commerce transformation experts.,"[""Automotive"", ""B2B High Tech"", ""Consumer Packaged Goods"", ""Education"", ""Financial Services / Insurance"", ""Government / Public Sector"", ""Manufacturing & Distribution"", ""Media, Entertainment & Telecom"", ""Other (HR / IT / Legal / etc.)"", ""Retail"", ""Travel & Hospitality""]"
wipro+limited,Wipro Limited,Platinum,"Wipro Ltd is a leading Information Technology, Consulting and Outsourcing company that delivers solutions to enable its clients do business better. Wipro delivers winning business outcomes through its deep industry experience.","[""Automotive"", ""B2B High Tech"", ""Consumer Packaged Goods"", ""Education"", ""Financial Services / Insurance"", ""Government / Public Sector"", ""Healthcare & Life Sciences"", ""Manufacturing & Distribution"", ""Media, Entertainment & Telecom"", ""Other (HR / IT / Legal / etc.)"", ""Retail"", ""Travel & Hospitality""]"
kadro+solutions+inc.,Kadro Solutions Inc.,Silver,"At Kadro, we make your vision for selling online a reality!","[""Automotive"", ""B2B High Tech"", ""Consumer Packaged Goods"", ""Education"", ""Government / Public Sector"", ""Healthcare & Life Sciences"", ""Manufacturing & Distribution"", ""Retail""]"
wagento+creative+llc,Wagento Creative LLC,Bronze,Full-service Adobe Gold Partner delivering fully integrated creative work and performance packages to global clients.,"[""Automotive"", ""B2B High Tech"", ""Consumer Packaged Goods"", ""Education"", ""Financial Services / Insurance"", ""Government / Public Sector"", ""Healthcare & Life Sciences"", ""Manufacturing & Distribution"", ""Media, Entertainment & Telecom"", ""Retail"", ""Travel & Hospitality""]"
wpp,WPP,Platinum,WPP is a creative transformation company and WPP’s Adobe Alliance is central to this narrative.,"[""Automotive"", ""B2B High Tech"", ""Consumer Packaged Goods"", ""Education"", ""Financial Services / Insurance"", ""Government / Public Sector"", ""Healthcare & Life Sciences"", ""Manufacturing & Distribution"", ""Media, Entertainment & Telecom"", ""Other (HR / IT / Legal / etc.)"", ""Retail"", ""Travel & Hospitality""]"
bytes+technolab+inc.,Bytes Technolab Inc.,Bronze,A Leading Web & Mobile Apps Development Company,"[""Automotive"", ""B2B High Tech"", ""Consumer Packaged Goods"", ""Education"", ""Media, Entertainment & Telecom"", ""Retail"", ""Travel & Hospitality""]"
mygento+ecommerce+solutions,Mygento eCommerce Solutions,Bronze,"Mygento is a ecommerce solutions provider, combining digital strategy, user experience design, technology, development, post-launch managed services, and hosting to deliver complete, innovative solutions to B2B and B2C brands across industries.","[""B2B High Tech"", ""Consumer Packaged Goods"", ""Financial Services / Insurance"", ""Manufacturing & Distribution"", ""Other (HR / IT / Legal / etc.)"", ""Retail""]"
webkul+software+pvt+ltd,Webkul Software Pvt Ltd,Bronze,Webkul Software Pvt Ltd. is having extensions and mobile applications for the Adobe Commerce Cloud. Webkul is having the expertise in all sort of custom implementation and mobile application development for the same.,"[""B2B High Tech"", ""Retail""]"
briteskies,Briteskies,Silver,"Commerce Integration Experts.  From commerce challenges to ERP customizations, we support the power of your big ideas by helping you work more strategically, more intuitively, and more efficiently.","[""Automotive"", ""B2B High Tech"", ""Consumer Packaged Goods"", ""Financial Services / Insurance"", ""Healthcare & Life Sciences"", ""Manufacturing & Distribution"", ""Other (HR / IT / Legal / etc.)"", ""Retail""]"
hiberus,Hiberus,Bronze,"We are a company specialized in ICTs, consulting services, technological development, digital transformation and outsourcing.","[""Automotive"", ""B2B High Tech"", ""Consumer Packaged Goods"", ""Education"", ""Financial Services / Insurance"", ""Government / Public Sector"", ""Manufacturing & Distribution"", ""Media, Entertainment & Telecom"", ""Other (HR / IT / Legal / etc.)"", ""Retail"", ""Travel & Hospitality""]"
smart+solutions,Smart Solutions,Bronze,"Smart Solutions is a strategic eCommerce agency focused on the design, technical implementation and ongoing innovation of B2B and B2C websites.","[""B2B High Tech"", ""Other (HR / IT / Legal / etc.)"", ""Retail""]"
techsevin+solution+llp,Techsevin Solution LLP,Bronze,Ecommerce / Magento Experts. We help brands and businesses solve their challenges with gratifying and meaningful web and mobile solutions,"[""B2B High Tech"", ""Manufacturing & Distribution"", ""Retail"", ""Travel & Hospitality""]"
tom+%26+co,Tom & Co,Silver,"A leading Magento agency with over a decade of experience building award-winning ecommerce websites. Getting ahead of the curb eight years ago, our headless capabilities are unparalleled. Named 'The Mastermind' in the Adobe Experience Maker Awards.","[""B2B High Tech"", ""Consumer Packaged Goods"", ""Education"", ""Non-Profit"", ""Retail""]"
harris+web+works,Harris Web Works,Bronze,"Magento 2 Certified agency with vast experience engineering, designing, implementing, hosting and managing Magento Commerce B2B sites. Developers of custom user portals for B2B companies striving to empower customers with more self-serve functionality.","[""Healthcare & Life Sciences"", ""Manufacturing & Distribution"", ""Retail""]"
redstage+worldwide,Redstage Worldwide,Silver,"Redstage constructs compelling customer experiences for B2B and B2C clients in any market, transforming digital businesses through leading web design, development, integration, strategy and technology.","[""B2B High Tech""]"
dotsquares+technologies+india+pvt+ltd,DOTSQUARES Technologies INDIA PVT LTD,Bronze,"Dotsquares is a leading provider of IT companies dedicated to deliver solutions to enable its clients do business better. We deliver Digital Transformations for developing B2B & B2C eCommerce, ERP, CRM systems with winning Business Outcomes.","[""Automotive"", ""B2B High Tech"", ""Consumer Packaged Goods"", ""Education"", ""Financial Services / Insurance"", ""Manufacturing & Distribution"", ""Media, Entertainment & Telecom"", ""Other (HR / IT / Legal / etc.)"", ""Retail"", ""Travel & Hospitality""]"
nagarro+inc.,Nagarro Inc.,Bronze,"Nagarro helps to transform, adapt, and build new ways into the future through a forward thinking, agile and CARING mindset. We excel at digital product engineering and deliver on our promise of thinking breakthroughs.","[""Automotive"", ""B2B High Tech"", ""Consumer Packaged Goods"", ""Education"", ""Financial Services / Insurance"", ""Government / Public Sector"", ""Healthcare & Life Sciences"", ""Manufacturing & Distribution"", ""Media, Entertainment & Telecom"", ""Other (HR / IT / Legal / etc.)"", ""Retail"", ""Travel & Hospitality""]"
pixelmechanics,PixelMechanics,Bronze,"PixelMechanics is your expert in B2B-eBusiness-solutions. As a pioneer in the digital world, we scale your success sustainably implementing smart portals and commerce solutions based on Magento across all areas of sales.","[""Automotive"", ""B2B High Tech"", ""Consumer Packaged Goods"", ""Education"", ""Manufacturing & Distribution"", ""Other (HR / IT / Legal / etc.)"", ""Retail""]"
snowdog,Snowdog,Bronze,"Snowdog is a highly skilled team of creative and curious people with deep knowledge of Adobe Commerce, Magento, Hyvä and mobile platforms, and a passion for building the most innovative projects.","[""Automotive"", ""B2B High Tech"", ""Financial Services / Insurance"", ""Manufacturing & Distribution"", ""Media, Entertainment & Telecom"", ""Non-Profit"", ""Retail""]"
aht+tech,AHT Tech,Bronze,AHT Tech - a Global Premium Agency Group,"[""B2B High Tech"", ""Financial Services / Insurance"", ""Manufacturing & Distribution"", ""Other (HR / IT / Legal / etc.)"", ""Retail"", ""Travel & Hospitality""]"
sixbysix,SixBySix,Bronze,SixBySix are a certified Magento solutions partner with over a decade of experience implementing successful Magento builds.,"[""Retail""]"
solveda,Solveda,Bronze,"Solveda is a Global Enterprise eCommerce Technology SI headquartered in NY. We are a robust team of 185+ engineers with more than two decades of experience in building cutting-edge eCommerce solutions,catering to B2B & B2C clients across the globe.","[""Automotive"", ""B2B High Tech"", ""Consumer Packaged Goods"", ""Manufacturing & Distribution"", ""Retail""]"
e-zest+solutions+inc,e-Zest Solutions Inc,Bronze,"e-Zest is a customer experience and commerce system integrator that provides expert advice, guidance and solutions that ultimately convert customers online and drive digital interaction and conversion. With 20+ years of experience, we are the trusted....","[""Automotive"", ""B2B High Tech"", ""Education"", ""Financial Services / Insurance"", ""Government / Public Sector"", ""Healthcare & Life Sciences"", ""Manufacturing & Distribution"", ""Media, Entertainment & Telecom"", ""Retail"", ""Travel & Hospitality""]"
slalom,Slalom,Gold,Slalom designs and builds strategies and systems to help our clients solve some of their most complex and interesting business challenges.,"[""Automotive"", ""B2B High Tech"", ""Consumer Packaged Goods"", ""Education"", ""Financial Services / Insurance"", ""Government / Public Sector"", ""Healthcare & Life Sciences"", ""Manufacturing & Distribution"", ""Media, Entertainment & Telecom"", ""Other (HR / IT / Legal / etc.)"", ""Retail"", ""Travel & Hospitality""]"
willowtree,WillowTree,Gold,"With over a decade of Adobe solution experience, WillowTree’s end-to-end expertise helps clients unleash the power of their platform to create memorable, transformational digital experiences with the Adobe Experience Cloud.","[""Automotive"", ""B2B High Tech"", ""Consumer Packaged Goods"", ""Education"", ""Financial Services / Insurance"", ""Manufacturing & Distribution"", ""Media, Entertainment & Telecom"", ""Non-Profit"", ""Retail"", ""Travel & Hospitality""]"
allure+commerce,ALLURE COMMERCE,Bronze,"Allure is a global digital commerce agency dedicated to empowering growth acceleration and maximizing ROI. We reimagine business operations, building impactful solutions utilizing the latest eCommerce technologies.","[""Retail""]"
astound+commerce+corp,Astound Commerce Corp,Bronze,"Astound Commerce is your mission-critical partner in digital commerce, maximizing the brand and business value of every consumer touchpoint with our global presence, 20 years’ experience, and a team of 1,300 deeply passionate experts.","[""Consumer Packaged Goods"", ""Non-Profit"", ""Retail"", ""Travel & Hospitality""]"
bear+group,Bear Group,Bronze,Bear Group is a Seattle-based website development firm. We build and support web solutions that empower businesses to move forward with confidence.,"[""B2B High Tech"", ""Consumer Packaged Goods"", ""Government / Public Sector"", ""Retail""]"
iksula+services+pvt.+ltd.,Iksula Services Pvt. Ltd.,Bronze,"Iksula is a leading global e-commerce technology solutions provider for brands and retailers. Since its inception in 2007, Iksula has helped multiple e-commerce companies launch their B2B and B2C websites on Adobe Commerce and Adobe Commerce Cloud.","[""B2B High Tech"", ""Consumer Packaged Goods"", ""Manufacturing & Distribution"", ""Retail""]"
imagination+media,Imagination Media,Bronze,Bring us your goals. We'll bring them to life.  Imagination Media develops custom e-Commerce solutions for retailers who want to stand out and outsell.,"[""Automotive"", ""B2B High Tech"", ""Consumer Packaged Goods"", ""Manufacturing & Distribution"", ""Retail"", ""Travel & Hospitality""]"
infogain+corporation,Infogain Corporation,Bronze,We’re a human-centered digital platform and software engineering company. We’re based in Silicon Valley with design and build centers around the globe.,"[""Consumer Packaged Goods"", ""Financial Services / Insurance"", ""Media, Entertainment & Telecom"", ""Retail"", ""Travel & Hospitality""]"
pit+solutions,PIT Solutions,Bronze,PIT Solutions is a Global Digital Services Agency specializing in delivering Ecommerce solutions with a specific focus on Magento. We have certified Magento developers inhouse to realize your project with top quality.,"[""Automotive"", ""B2B High Tech"", ""Consumer Packaged Goods"", ""Education"", ""Financial Services / Insurance"", ""Government / Public Sector"", ""Manufacturing & Distribution"", ""Media, Entertainment & Telecom"", ""Non-Profit"", ""Retail"", ""Travel & Hospitality""]"
paradoxlabs,ParadoxLabs,Bronze,"ParadoxLabs is an innovative Magento Business Solution Partner, working to help our clients achieve their ecommerce business goals.","[""Automotive"", ""Consumer Packaged Goods"", ""Manufacturing & Distribution"", ""Retail""]"
pushon,PushON,Bronze,"PushON is a leading UK Magento eCommerce agency headquartered in Manchester, England. We help clients grow online with eCommerce consultancy, website development support and digital marketing.","[""Automotive"", ""B2B High Tech"", ""Consumer Packaged Goods"", ""Education"", ""Financial Services / Insurance"", ""Manufacturing & Distribution"", ""Media, Entertainment & Telecom"", ""Other (HR / IT / Legal / etc.)"", ""Retail"", ""Travel & Hospitality""]"
avionos,Avionos,Gold,"Avionos is an Adobe Gold Partner that designs and implements digital commerce and marketing solutions that deliver measurable business outcomes for clients like JLL, Orvis, Bass Pro and Brunswick.","[""B2B High Tech"", ""Consumer Packaged Goods"", ""Financial Services / Insurance"", ""Healthcare & Life Sciences"", ""Manufacturing & Distribution"", ""Media, Entertainment & Telecom"", ""Retail""]"
adeo+web.,Adeo Web.,Bronze,"Adeo Web is a B2B/B2C eCommerce agency with specialization in Magento and technical implementation. We focus on a holistic approach to successful eCommerce development by integrating refined strategy, tech solutions, UX/UI, PIM and data-driven decisions.","[""Automotive"", ""B2B High Tech"", ""Consumer Packaged Goods"", ""Education"", ""Healthcare & Life Sciences"", ""Manufacturing & Distribution"", ""Media, Entertainment & Telecom"", ""Retail"", ""Travel & Hospitality""]"
ancor%27d+digital,Ancor'd Digital,Bronze,We are your Next-Gen Magento / Adobe Commerce Partner,"[""Automotive"", ""B2B High Tech"", ""Consumer Packaged Goods"", ""Manufacturing & Distribution"", ""Media, Entertainment & Telecom"", ""Other (HR / IT / Legal / etc.)"", ""Retail"", ""Travel & Hospitality""]"
cedcommerce+%28parent+company-+cedcoss+technologies+private+limited%29,CedCommerce (Parent Company- Cedcoss Technologies Private Limited),Bronze,"CedCommerce is a leading one-stop eCommerce solution provider, catering retailers with expertise Adobe Commerce Cloud multi-vendor solutions, global marketplace integration, Mobile-app development, and focuses on simplifying the selling process.","[""B2B High Tech"", ""Other (HR / IT / Legal / etc.)"", ""Retail""]"
digiteon+consulting,Digiteon Consulting,Bronze,Digiteon works exclusively with Agencies and Enterprises as their extended team to maximize efficiency and productivity. Our clients are primarily companies providing Magento and .NET consulting services to their end-customers.,"[""B2B High Tech"", ""Consumer Packaged Goods"", ""Education"", ""Manufacturing & Distribution"", ""Other (HR / IT / Legal / etc.)""]"
ironplane,IronPlane,Bronze,"IronPlane's team of highly skilled, certified developers and innovative eCommerce solution specialists have a deep knowledge of both Magento Open Source and Adobe Commerce and a passion for elevating our clients' success online.","[""Retail""]"
maqe,MAQE,Bronze,MAQE is an experience commerce company. We design experiences for your customers with one guiding focus; helping you sell more.,"[""Automotive"", ""B2B High Tech"", ""Consumer Packaged Goods"", ""Education"", ""Financial Services / Insurance"", ""Manufacturing & Distribution"", ""Media, Entertainment & Telecom"", ""Non-Profit"", ""Other (HR / IT / Legal / etc.)"", ""Retail"", ""Travel & Hospitality""]"
macopedia,Macopedia,Bronze,Technology partner from e-commerce to warehousing.,"[""B2B High Tech"", ""Consumer Packaged Goods"", ""Education"", ""Government / Public Sector"", ""Manufacturing & Distribution"", ""Media, Entertainment & Telecom"", ""Retail"", ""Travel & Hospitality""]"
nulogic,NULOGIC,Bronze,NULogic (Formally Known as NU Technology Inc) is one of the leading digital transformation companies that combines software expertise and industry intelligence. NULOGIC is an Adobe Commerce (Magento) Bronze Partner.,"[""B2B High Tech"", ""Consumer Packaged Goods"", ""Manufacturing & Distribution"", ""Media, Entertainment & Telecom"", ""Retail"", ""Travel & Hospitality""]"
trellis,Trellis,Bronze,Full Service eCommerce Consultancy,"[""Automotive"", ""B2B High Tech"", ""Consumer Packaged Goods"", ""Education"", ""Financial Services / Insurance"", ""Manufacturing & Distribution"", ""Media, Entertainment & Telecom"", ""Non-Profit"", ""Other (HR / IT / Legal / etc.)"", ""Retail"", ""Travel & Hospitality""]"
sirius+computer+solutions+inc,SIRIUS COMPUTER SOLUTIONS INC,Gold,"Sirius offers integrated, multivendor technology solutions that meet the requirements of the full range of organizations, from small businesses with fewer than 100 employees to large enterprises with thousands of employees and hundreds of locations.","[""Automotive"", ""B2B High Tech"", ""Consumer Packaged Goods"", ""Education"", ""Financial Services / Insurance"", ""Government / Public Sector"", ""Healthcare & Life Sciences"", ""Manufacturing & Distribution"", ""Media, Entertainment & Telecom"", ""Other (HR / IT / Legal / etc.)"", ""Retail"", ""Travel & Hospitality""]"
alva+commerce+s.r.o.,Alva Commerce s.r.o.,Bronze,Trusted technical solution partner for e-commerce,"[""Automotive"", ""B2B High Tech"", ""Financial Services / Insurance"", ""Government / Public Sector"", ""Manufacturing & Distribution"", ""Retail"", ""Travel & Hospitality""]"
jola,Jola,Bronze,Your all inclusive eCommerce and 3D technology partner.,"[""B2B High Tech"", ""Manufacturing & Distribution"", ""Retail""]"
onetree,Onetree,Bronze,Onetree is a nearshore design and development company. Our differentiator is our discovery phase that quickly and thoroughly identifies the project requirements so that everyone is clear and in agreement of what needs to be done.,"[""Automotive"", ""B2B High Tech"", ""Education"", ""Financial Services / Insurance"", ""Government / Public Sector"", ""Media, Entertainment & Telecom"", ""Retail"", ""Travel & Hospitality""]"
tech+mahindra,Tech Mahindra,Platinum,"Tech Mahindra is a USD 6.5+ billion organization with 148K+ professionals across 90 countries helping 1250+ global customers, including Fortune 500 companies.","[""Automotive"", ""B2B High Tech"", ""Consumer Packaged Goods"", ""Education"", ""Financial Services / Insurance"", ""Government / Public Sector"", ""Manufacturing & Distribution"", ""Media, Entertainment & Telecom"", ""Non-Profit"", ""Other (HR / IT / Legal / etc.)"", ""Retail"", ""Travel & Hospitality""]"
vass,VASS,Gold,"VASS is an IT consulting founded in 1999, highly specialized in new technologies and integration of products and services with a deep knowledge and mastery of digital user experience including AEM/CQ.","[""Automotive"", ""B2B High Tech"", ""Consumer Packaged Goods"", ""Education"", ""Financial Services / Insurance"", ""Government / Public Sector"", ""Manufacturing & Distribution"", ""Media, Entertainment & Telecom"", ""Other (HR / IT / Legal / etc.)"", ""Retail"", ""Travel & Hospitality""]"
bajaj+finserv+direct+limited,Bajaj Finserv Direct Limited,Bronze,"Bringing digital transformation to  B2B & B2C customers using Adobe Cloud (Adobe Experience Cloud, Adobe Commerce Cloud, Analytics, Target etc.)","[""Automotive"", ""B2B High Tech"", ""Consumer Packaged Goods"", ""Education"", ""Financial Services / Insurance"", ""Government / Public Sector"", ""Manufacturing & Distribution"", ""Media, Entertainment & Telecom"", ""Other (HR / IT / Legal / etc.)"", ""Retail"", ""Travel & Hospitality""]"
bizmia+llc,Bizmia LLC,Bronze,"Enabling Success Through Magento Excellence: Innovating, Evolving, and Thriving in Digital Commerce","[""Automotive"", ""B2B High Tech"", ""Consumer Packaged Goods"", ""Manufacturing & Distribution"", ""Media, Entertainment & Telecom"", ""Retail"", ""Travel & Hospitality""]"
blue+stingray,Blue Stingray,Bronze,"Blue Stingray is the go-to source of cloud-based software solutions for enterprise businesses. Our innovations enhance productivity, simplify workflow, and deliver the precise services your operation needs to excel.","[""B2B High Tech"", ""Financial Services / Insurance"", ""Manufacturing & Distribution"", ""Retail""]"
cbi+digital,CBI Digital,Bronze,CB/I Digital is a digital marketing and platform development firm that specializes in growing traffic and revenue for DTC Ecommerce brands as well as traditional enterprises.,"[""B2B High Tech"", ""Manufacturing & Distribution"", ""Retail"", ""Travel & Hospitality""]"
engineering+ingegneria+informatica+s.p.a,Engineering Ingegneria Informatica S.p.A,Bronze,Engineering the digital trasformation company,"[""Automotive"", ""B2B High Tech"", ""Government / Public Sector"", ""Media, Entertainment & Telecom"", ""Other (HR / IT / Legal / etc.)""]"
envision+ecommerce+inc.,Envision Ecommerce Inc.,Bronze,"A capable, seasoned Commerce partner with an established reputation as a go-to agency for project rescues and complex site builds. We are accessible, scalable and reliable technology provider. As a result, we help hundreds of merchants realize their ROI.","[""Automotive"", ""B2B High Tech"", ""Education"", ""Manufacturing & Distribution"", ""Media, Entertainment & Telecom"", ""Non-Profit"", ""Retail"", ""Travel & Hospitality""]"
innover+inc.,Innover INC.,Bronze,"Innover INC. is a fast growing applied digital transformation firm headquartered in Atlanta. With our experience with Fortune 50 companies and focus on core Digital and Data & Analytics solutions, we drive positive business impact for our clients","[""Automotive"", ""B2B High Tech"", ""Consumer Packaged Goods"", ""Education"", ""Financial Services / Insurance"", ""Government / Public Sector"", ""Healthcare & Life Sciences"", ""Manufacturing & Distribution"", ""Media, Entertainment & Telecom""]"
kinex+media+inc.,Kinex Media Inc.,Bronze,"Kinex Media is an leading eCommerce service provider offering a wide range of services including strategy, development, optimization, system integration and marketing.","[""Automotive"", ""B2B High Tech"", ""Consumer Packaged Goods"", ""Financial Services / Insurance"", ""Manufacturing & Distribution"", ""Retail"", ""Travel & Hospitality""]"
nsight%2C+inc.,"Nsight, Inc.",Bronze,Accelerating Digital Transformation and Enriching Customer Experience,"[""Automotive"", ""B2B High Tech"", ""Consumer Packaged Goods"", ""Education"", ""Manufacturing & Distribution"", ""Media, Entertainment & Telecom"", ""Retail""]"
proproducts+web+development,ProProducts Web Development,Bronze,"PPWD is a New England based Adobe/Magento partner that specializes in Adobe/Magento Commerce Cloud, B2B, B2C, and Custom Integrations. 100% US Resources.","[""B2B High Tech"", ""Healthcare & Life Sciences"", ""Manufacturing & Distribution"", ""Retail""]"
royal+cyber+inc,Royal Cyber Inc,Bronze,IT Solutions and Service Provider,"[""Automotive"", ""B2B High Tech"", ""Education"", ""Financial Services / Insurance"", ""Government / Public Sector"", ""Healthcare & Life Sciences"", ""Media, Entertainment & Telecom"", ""Other (HR / IT / Legal / etc.)"", ""Retail"", ""Travel & Hospitality""]"
swarming+technology,Swarming Technology,Bronze,"An e-commerce firm that specializes in Magento and making high performing e-commerce sites manageable, so you can focus on growing your business.","[""Automotive"", ""B2B High Tech"", ""Consumer Packaged Goods"", ""Education"", ""Healthcare & Life Sciences"", ""Manufacturing & Distribution"", ""Media, Entertainment & Telecom"", ""Retail""]"
tychons+usa+llc,Tychons USA LLC,Bronze,Digital Commerce and Transformation Company,"[""Automotive"", ""B2B High Tech"", ""Consumer Packaged Goods"", ""Financial Services / Insurance"", ""Manufacturing & Distribution"", ""Media, Entertainment & Telecom"", ""Retail"", ""Travel & Hospitality""]"
unthinkable+solutions+llp,Unthinkable Solutions LLP,Bronze,Need help with your digital commerce platform? Get to know how technology can be leveraged to turn your idea into a reality. Schedule a call with our expert.,"[""Automotive"", ""B2B High Tech"", ""Education"", ""Financial Services / Insurance"", ""Government / Public Sector"", ""Media, Entertainment & Telecom"", ""Other (HR / IT / Legal / etc.)"", ""Retail"", ""Travel & Hospitality""]"
webqem+pty+ltd,webqem Pty Ltd,Bronze,"webqem provides a one-stop online solution - delivering web site design and development, ecommerce, marketing, and elearning services.","[""Automotive"", ""B2B High Tech"", ""Consumer Packaged Goods"", ""Education"", ""Financial Services / Insurance"", ""Government / Public Sector"", ""Healthcare & Life Sciences"", ""Manufacturing & Distribution"", ""Media, Entertainment & Telecom"", ""Non-Profit"", ""Other (HR / IT / Legal / etc.)"", ""Retail"", ""Travel & Hospitality""]"
avanade,Avanade,Platinum,Power of 3 with Avanade + Adobe + Microsoft,"[""Automotive"", ""B2B High Tech"", ""Consumer Packaged Goods"", ""Education"", ""Financial Services / Insurance"", ""Manufacturing & Distribution"", ""Media, Entertainment & Telecom"", ""Non-Profit"", ""Other (HR / IT / Legal / etc.)"", ""Retail"", ""Travel & Hospitality""]"
emakina+group,Emakina Group,Platinum,"Emakina Group, an EPAM company, is a top European independent group of agencies in digital and communications focused on helping clients build better digital businesses","[""Automotive"", ""B2B High Tech"", ""Consumer Packaged Goods"", ""Education"", ""Financial Services / Insurance"", ""Government / Public Sector"", ""Healthcare & Life Sciences"", ""Manufacturing & Distribution"", ""Media, Entertainment & Telecom"", ""Other (HR / IT / Legal / etc.)"", ""Retail"", ""Travel & Hospitality""]"
interpublic+group,Interpublic Group,Platinum,Interpublic is one of the world's leading organizations of advertising agencies and marketing services companies.,"[""Education"", ""Financial Services / Insurance"", ""Government / Public Sector"", ""Healthcare & Life Sciences"", ""Manufacturing & Distribution"", ""Media, Entertainment & Telecom"", ""Other (HR / IT / Legal / etc.)"", ""Retail""]"
virtusa+corporation,Virtusa Corporation,Platinum,"Virtusa Digital blends unique perspectives and proven expertise from across consulting, design and engineering disciplines. We challenge convention, and one another, to create compelling experiences that delight users and transform business.","[""B2B High Tech"", ""Education"", ""Financial Services / Insurance"", ""Government / Public Sector"", ""Healthcare & Life Sciences"", ""Manufacturing & Distribution"", ""Media, Entertainment & Telecom"", ""Retail"", ""Travel & Hospitality""]"
bdo+digital,BDO Digital,Gold,"At BDO Digital, we help B2B marketing leaders drive growth through high-performance demand generation and make the most of their investment in Marketo Engage and Bizible.","[""B2B High Tech"", ""Financial Services / Insurance"", ""Healthcare & Life Sciences"", ""Manufacturing & Distribution"", ""Media, Entertainment & Telecom"", ""Other (HR / IT / Legal / etc.)"", ""Retail""]"
ntt+data,NTT DATA,Gold,"NTT DATA – a part of NTT Group – is a trusted global innovator of IT and business services headquartered in Tokyo. We help clients transform through consulting, industry solutions, business process services, IT modernization and managed services.","[""Automotive"", ""B2B High Tech"", ""Consumer Packaged Goods"", ""Education"", ""Financial Services / Insurance"", ""Government / Public Sector"", ""Manufacturing & Distribution"", ""Media, Entertainment & Telecom"", ""Other (HR / IT / Legal / etc.)"", ""Retail"", ""Travel & Hospitality""]"
moonraft+innovation+labs,Moonraft Innovation Labs,Silver,"Moonraft, a UST Company, specializes in design-driven Digital Innovation and Customer Experience Management Solutions. We bring together design, art & technology to deliver personalized & consistent customer experiences that drive business outcomes","[""Automotive"", ""B2B High Tech"", ""Consumer Packaged Goods"", ""Education"", ""Financial Services / Insurance"", ""Healthcare & Life Sciences"", ""Manufacturing & Distribution"", ""Media, Entertainment & Telecom"", ""Non-Profit"", ""Other (HR / IT / Legal / etc.)"", ""Retail"", ""Travel & Hospitality""]"
aiti+smart%2C+s.r.o.,"AITI Smart, s.r.o.",Bronze,Introducing AITI.cz: Your Magento Ecommerce Solutions Partner,"[""Automotive"", ""B2B High Tech"", ""Consumer Packaged Goods"", ""Education"", ""Financial Services / Insurance"", ""Government / Public Sector"", ""Manufacturing & Distribution"", ""Media, Entertainment & Telecom"", ""Non-Profit"", ""Other (HR / IT / Legal / etc.)"", ""Retail"", ""Travel & Hospitality""]"
astral+web+taiwan,Astral Web Taiwan,Bronze,We’re eCommerce Specialists! Astral Web Transforms Businesses Online.,"[""Automotive"", ""B2B High Tech"", ""Consumer Packaged Goods"", ""Education"", ""Financial Services / Insurance"", ""Government / Public Sector"", ""Manufacturing & Distribution"", ""Media, Entertainment & Telecom"", ""Non-Profit"", ""Other (HR / IT / Legal / etc.)"", ""Retail"", ""Travel & Hospitality""]"
axamit,Axamit,Bronze,Expert Consultants Fusing Business Vision with Technology Solutions,"[""Automotive"", ""B2B High Tech"", ""Consumer Packaged Goods"", ""Education"", ""Financial Services / Insurance"", ""Manufacturing & Distribution"", ""Media, Entertainment & Telecom"", ""Non-Profit"", ""Other (HR / IT / Legal / etc.)"", ""Retail"", ""Travel & Hospitality""]"
birlasoft+limited,BIRLASOFT LIMITED,Bronze,Birlasoft is a global information technology services and consulting company that provides a wide range of IT solutions and services to businesses across various industries.,"[""B2B High Tech"", ""Financial Services / Insurance"", ""Manufacturing & Distribution"", ""Media, Entertainment & Telecom""]"
cybersolutions+usa+llc,CyberSolutions USA LLC,Bronze,"CyberSolutions is a global leader in Magento development. Not only are we developers, but we consider ourselves a partner and extension of the companies we work for. Work with us and leverage our expertise of over 16 years in E-commerce.","[""Automotive"", ""B2B High Tech"", ""Consumer Packaged Goods"", ""Government / Public Sector"", ""Manufacturing & Distribution"", ""Retail""]"
divante+s.a.,Divante S.A.,Bronze,"Empowering eCommerce. Divante is a global e-commerce technology company, helping their customers grow by implementing the best solutions that meet their needs.","[""Automotive"", ""B2B High Tech"", ""Consumer Packaged Goods"", ""Education"", ""Financial Services / Insurance"", ""Government / Public Sector"", ""Healthcare & Life Sciences"", ""Manufacturing & Distribution"", ""Media, Entertainment & Telecom"", ""Other (HR / IT / Legal / etc.)"", ""Retail"", ""Travel & Hospitality""]"
graybox,GRAYBOX,Bronze,"GRAYBOX is a digital consulting agency that helps solve challenges, reach audiences and optimizes operations with elegance, utility & expertise.","[""Automotive"", ""B2B High Tech"", ""Consumer Packaged Goods"", ""Education"", ""Manufacturing & Distribution"", ""Non-Profit"", ""Retail"", ""Travel & Hospitality""]"
globant,Globant,Bronze,"Globant (NYSE: GLOB) is a digitally native company that helps organizations reinvent themselves to create a way forward and unleash their potential. It is the place where innovation, design and engineering meet scale.","[""Automotive"", ""B2B High Tech"", ""Consumer Packaged Goods"", ""Education"", ""Financial Services / Insurance"", ""Media, Entertainment & Telecom"", ""Retail"", ""Travel & Hospitality""]"
humcommerce,HumCommerce,Bronze,eCommerce Solutions for B2B & B2C brands,"[""B2B High Tech"", ""Consumer Packaged Goods"", ""Manufacturing & Distribution"", ""Retail""]"
it+consultis,IT Consultis,Bronze,"IT Consultis (ITC) is an award-winning Digital Transformation Consultancy in China & Asia, empowering Fortune 500 companies and C-Levels with the right strategy & execution playbook.","[""Automotive"", ""B2B High Tech"", ""Consumer Packaged Goods"", ""Education"", ""Financial Services / Insurance"", ""Government / Public Sector"", ""Manufacturing & Distribution"", ""Media, Entertainment & Telecom"", ""Non-Profit"", ""Other (HR / IT / Legal / etc.)"", ""Retail"", ""Travel & Hospitality""]"
icon+commerce,Icon Commerce,Bronze,"We are an Ecommerce Agency focused on the Future. We are Amazon, Shopify and Magento Experts. We Enable Brand Commerce. We offer complete Magento 2 services, support and a proven process that drives results.","[""B2B High Tech"", ""Consumer Packaged Goods"", ""Financial Services / Insurance"", ""Manufacturing & Distribution""]"
interactone+inc,InteractOne Inc,Bronze,"InteractOne specializes in the mid-market (merchants generating online sales of $4MM-$100MM). Since 1998, we have been helping clients exceed their eCommerce expectations. We will build your eCommerce site, help maintain it, and help drive sales.","[""Automotive"", ""Consumer Packaged Goods"", ""Manufacturing & Distribution"", ""Retail"", ""Travel & Hospitality""]"
jakala+s.p.a.,JAKALA S.p.A.,Bronze,"JAKALA is the first Italian Martech Company offering its customers strategic, analytics, digital and technological support by leveraging on unique assets and know-how, as well as adopting innovative models aimed at achieving measurable results.","[""Automotive"", ""Consumer Packaged Goods"", ""Financial Services / Insurance"", ""Media, Entertainment & Telecom"", ""Retail"", ""Travel & Hospitality""]"
leanswift+solutions%2C+inc.,"LeanSwift Solutions, Inc.",Bronze,"We have been delivering integration solutions for 20+ years with a focus on INFOR ERP, eCommerce, and mobile. Our Magento implementation experience covers B2B, B2C, and hybrid customers of all sizes.","[""Automotive"", ""B2B High Tech"", ""Government / Public Sector"", ""Manufacturing & Distribution"", ""Retail""]"
leeto+digital+agency,Leeto Digital Agency,Bronze,Leeto Digital Agency - Custom Magento Developments,"[""B2B High Tech"", ""Other (HR / IT / Legal / etc.)"", ""Retail""]"
lingaro+digital+commerce+sp.+z+o.o.,Lingaro Digital Commerce sp. z o.o.,Bronze,"We are Lingaro Group’s digital commerce practice, helping businesses redefine their digital customer experience and elevate their e-commerce capabilities.","[""Automotive"", ""B2B High Tech"", ""Consumer Packaged Goods"", ""Manufacturing & Distribution"", ""Retail""]"
net+solutions,Net Solutions,Bronze,"We design, build and grow digital products and platforms for global brands.","[""Automotive"", ""B2B High Tech"", ""Consumer Packaged Goods"", ""Education"", ""Financial Services / Insurance"", ""Government / Public Sector"", ""Healthcare & Life Sciences"", ""Manufacturing & Distribution"", ""Media, Entertainment & Telecom"", ""Other (HR / IT / Legal / etc.)"", ""Retail"", ""Travel & Hospitality""]"
objectwave,ObjectWave,Bronze,ObjectWave is a full-service digital solution provider focused on our customer’s customer. An Adobe partner since 2013 with experience implementing the full stack of Adobe solutions. Also a Magento Partner with over 60 successful ecommerce implementations,"[""Automotive"", ""B2B High Tech"", ""Consumer Packaged Goods"", ""Financial Services / Insurance"", ""Healthcare & Life Sciences"", ""Manufacturing & Distribution"", ""Media, Entertainment & Telecom"", ""Retail"", ""Travel & Hospitality""]"
retail+reinvented,Retail Reinvented,Bronze,"eCommerce Management Agency - We build, grow & manage eCommerce businesses for global brands.","[""B2B High Tech"", ""Consumer Packaged Goods"", ""Manufacturing & Distribution"", ""Retail""]"
skavatar,SKAVATAR,Bronze,"Skavatar offers web development, technology support, strategy & consulting, design services and more.","[""B2B High Tech"", ""Education"", ""Media, Entertainment & Telecom"", ""Retail"", ""Travel & Hospitality""]"
smartosc+corporation,SmartOSC Corporation,Bronze,We Build Data-Driven Ecommerce Stores that Convert,"[""Automotive"", ""B2B High Tech"", ""Consumer Packaged Goods"", ""Financial Services / Insurance"", ""Government / Public Sector"", ""Healthcare & Life Sciences"", ""Manufacturing & Distribution"", ""Media, Entertainment & Telecom"", ""Retail"", ""Travel & Hospitality""]"
technopath,Technopath,Bronze,We mold technology for your success.,"[""Automotive"", ""B2B High Tech"", ""Consumer Packaged Goods"", ""Education"", ""Government / Public Sector"", ""Manufacturing & Distribution"", ""Retail""]"
zensar+technologies,Zensar Technologies,Bronze,Think Velocity with Zensar,"[""Automotive"", ""B2B High Tech"", ""Consumer Packaged Goods"", ""Education"", ""Financial Services / Insurance"", ""Government / Public Sector"", ""Manufacturing & Distribution"", ""Media, Entertainment & Telecom"", ""Other (HR / IT / Legal / etc.)"", ""Retail"", ""Travel & Hospitality""]"
media.monks,Media.Monks,Platinum,"Media.Monks is a digital-first marketing and advertising services company that connects content, data&digital media and technology services across one global team built from the bottom up","[""Automotive"", ""B2B High Tech"", ""Consumer Packaged Goods"", ""Education"", ""Financial Services / Insurance"", ""Government / Public Sector"", ""Healthcare & Life Sciences"", ""Manufacturing & Distribution"", ""Media, Entertainment & Telecom"", ""Other (HR / IT / Legal / etc.)"", ""Retail"", ""Travel & Hospitality""]"
publicis+groupe,Publicis Groupe,Platinum,Publicis Groupe provides full lifecycle digital and traditional marketing services to premier brands and organizations throughout the world.,"[""Education"", ""Financial Services / Insurance"", ""Healthcare & Life Sciences"", ""Manufacturing & Distribution"", ""Media, Entertainment & Telecom"", ""Retail""]"
razorfish%2C+llc,"Razorfish, LLC",Platinum,"Razorfish is a full-service agency with digital and technology at the core. We create experiences that build businesses, combining the best thought leadership of the consulting world with the leading capabilities of the marketing services industry.","[""Other (HR / IT / Legal / etc.)""]"
axeno+consulting,Axeno Consulting,Gold,Axeno is a customer experience studio specializing in Adobe Experience Cloud powered with great design capabilities.,"[""Automotive"", ""B2B High Tech"", ""Consumer Packaged Goods"", ""Financial Services / Insurance"", ""Government / Public Sector"", ""Manufacturing & Distribution"", ""Retail""]"
leappoint,LeapPoint,Gold,"Helping companies connect work, technology, and talent to drive successful outcomes.","[""Automotive"", ""B2B High Tech"", ""Consumer Packaged Goods"", ""Education"", ""Financial Services / Insurance"", ""Government / Public Sector"", ""Manufacturing & Distribution"", ""Media, Entertainment & Telecom"", ""Non-Profit"", ""Other (HR / IT / Legal / etc.)"", ""Retail"", ""Travel & Hospitality""]"
r2integrated,R2Integrated,Gold,"R2integrated is a digital experience agency focused on accelerating results for our clients through the integration of data, insights, strategic design, and Adobe technology.  Specializations include AEM, Analytics, and Media.","[""Automotive"", ""B2B High Tech"", ""Consumer Packaged Goods"", ""Education"", ""Financial Services / Insurance"", ""Healthcare & Life Sciences"", ""Manufacturing & Distribution"", ""Travel & Hospitality""]"
seidor+opentrends,Seidor Opentrends,Gold,"On the market since 1982, Seidor is a group of companies with 100% Spanish capital, dedicated to providing comprehensive solutions to changing business requirements in the field of information technology.","[""Automotive"", ""B2B High Tech"", ""Consumer Packaged Goods"", ""Education"", ""Financial Services / Insurance"", ""Government / Public Sector"", ""Manufacturing & Distribution"", ""Media, Entertainment & Telecom"", ""Other (HR / IT / Legal / etc.)"", ""Retail"", ""Travel & Hospitality""]"
shift+paradigm,Shift Paradigm,Gold,Shift Paradigm is a marketing and revenue operations consultancy that leads meaningful shifts to drive meaningful results.,"[""Automotive"", ""B2B High Tech"", ""Consumer Packaged Goods"", ""Education"", ""Financial Services / Insurance"", ""Manufacturing & Distribution"", ""Media, Entertainment & Telecom"", ""Other (HR / IT / Legal / etc.)"", ""Retail"", ""Travel & Hospitality""]"
abeam+consulting,ABeam Consulting,Bronze,"From Japan, from Asia, a global consulting firm supporting enterprise transformation for a digital age.","[""Automotive"", ""B2B High Tech"", ""Consumer Packaged Goods"", ""Education"", ""Financial Services / Insurance"", ""Government / Public Sector"", ""Manufacturing & Distribution"", ""Media, Entertainment & Telecom"", ""Non-Profit"", ""Other (HR / IT / Legal / etc.)"", ""Retail"", ""Travel & Hospitality""]"
ansira+partners%2C+llc,"Ansira Partners, LLC",Bronze,"Ansira is a marketing technology and services firm that helps brands orchestrate, personalize and contextualize customer engagements to drive exceptional business results and create unique industry-recognized solutions for their clients.","[""Automotive"", ""B2B High Tech"", ""Consumer Packaged Goods"", ""Education"", ""Financial Services / Insurance"", ""Manufacturing & Distribution"", ""Media, Entertainment & Telecom"", ""Non-Profit"", ""Other (HR / IT / Legal / etc.)"", ""Retail"", ""Travel & Hospitality""]"
argondigital,ArgonDigital,Bronze,ArgonDigital is a results-oriented ecommerce agency that combines data-driven strategy and user-centric design to build amazing ecommerce experiences.,"[""B2B High Tech"", ""Education"", ""Financial Services / Insurance"", ""Manufacturing & Distribution"", ""Media, Entertainment & Telecom"", ""Other (HR / IT / Legal / etc.)"", ""Retail""]"
beyondsoft+consulting+inc.,Beyondsoft Consulting Inc.,Bronze,"Beyondsoft provides a broad range of high-quality IT services, including cloud, big data and analytics, business process outsourcing, custom software engineering, test automation, digital enablement, and other digital transformation solutions.","[""Automotive"", ""B2B High Tech"", ""Consumer Packaged Goods"", ""Education"", ""Financial Services / Insurance"", ""Government / Public Sector"", ""Manufacturing & Distribution"", ""Media, Entertainment & Telecom"", ""Retail"", ""Travel & Hospitality""]"
brandwidth+marketing+ltd,Brandwidth Marketing Ltd,Bronze,"Disruptive thinking and digital innovation, backed by strong execution","[""Automotive"", ""B2B High Tech"", ""Manufacturing & Distribution"", ""Media, Entertainment & Telecom"", ""Retail"", ""Travel & Hospitality""]"
capo+commerce%2C+llc.,"Capo Commerce, LLC.",Bronze,Capo Commerce exists to solve e-commerce at scale for mid-sized brands that deserve holistic expertise. We help you realize better investments to grow revenue and increase lifetime economic value.,"[""Automotive"", ""B2B High Tech"", ""Consumer Packaged Goods"", ""Manufacturing & Distribution"", ""Retail""]"
carahsoft+technology+corp.,Carahsoft Technology Corp.,Bronze,"Carahsoft has provided Adobe solutions to government agencies for more than 15 years, transforming how agencies securely create, manage, deliver and optimize personalized digital experiences across platforms with FedRAMP-authorized services.","[""Government / Public Sector""]"
dxc+technology,DXC Technology,Bronze,"DXC has delivered mission critical IT services for over 60 years, with 130K people in 70+ countries","[""Automotive"", ""B2B High Tech"", ""Consumer Packaged Goods"", ""Education"", ""Financial Services / Insurance"", ""Government / Public Sector"", ""Manufacturing & Distribution"", ""Media, Entertainment & Telecom"", ""Non-Profit"", ""Other (HR / IT / Legal / etc.)"", ""Retail"", ""Travel & Hospitality""]"
ebizon+digital,Ebizon Digital,Bronze,EbizON a leading e-commerce and digital activation agency working to provide world class web solutions at the tip of your fingers!,"[""B2B High Tech"", ""Media, Entertainment & Telecom"", ""Other (HR / IT / Legal / etc.)""]"
elevate+digital,Elevate Digital,Bronze,Elevate Digital: Creating Adobe Solutions That Connect and Accelerate Measurable Customer Experiences,"[""B2B High Tech"", ""Consumer Packaged Goods"", ""Education"", ""Financial Services / Insurance"", ""Manufacturing & Distribution"", ""Media, Entertainment & Telecom"", ""Travel & Hospitality""]"
envolvemedia+llc,Envolvemedia LLC,Bronze,Envolvemedia is a collaboration and elearning consulting company that maximizes your Return on Collaboration. We believe that for organizations to succeed in the next decade they must create a collaboration-aware enterprise that leverages a new work parad,"[""Automotive"", ""B2B High Tech"", ""Consumer Packaged Goods"", ""Education"", ""Financial Services / Insurance"", ""Government / Public Sector"", ""Manufacturing & Distribution"", ""Media, Entertainment & Telecom"", ""Non-Profit"", ""Other (HR / IT / Legal / etc.)"", ""Retail"", ""Travel & Hospitality""]"
graphically+speaking,Graphically Speaking,Bronze,"Graphically Speaking's team of web specialists has a proven track record of providing comprehensive web development services for over 3,000 website projects. We are dedicated to providing each client with the best possible return on their web investment.","[""Automotive"", ""B2B High Tech"", ""Consumer Packaged Goods"", ""Education"", ""Financial Services / Insurance"", ""Government / Public Sector"", ""Manufacturing & Distribution"", ""Media, Entertainment & Telecom"", ""Non-Profit"", ""Other (HR / IT / Legal / etc.)"", ""Retail"", ""Travel & Hospitality""]"
hexaware+technologies+ltd,Hexaware Technologies Ltd,Bronze,Hexaware Technologies,"[""Automotive"", ""B2B High Tech"", ""Consumer Packaged Goods"", ""Education"", ""Financial Services / Insurance"", ""Government / Public Sector"", ""Healthcare & Life Sciences"", ""Manufacturing & Distribution"", ""Media, Entertainment & Telecom"", ""Other (HR / IT / Legal / etc.)"", ""Retail"", ""Travel & Hospitality""]"
impelsys+inc.,Impelsys Inc.,Bronze,"Impelsys is a leading provider of technology solutions and services for content publishers, learning providers and enterprises – managing content and learning delivery on its flagship platform, the World’s Most Comprehensive Read-to-Learn Solution.","[""Education"", ""Financial Services / Insurance"", ""Government / Public Sector"", ""Healthcare & Life Sciences""]"
kin+and+carta,Kin and Carta,Bronze,"Our developers have been working with Adobe for many years on some of the world’s largest projects. This has enabled us to provide our clients with the advantage of a unified marketing platform for delivering content across web, mobile and apps. Kin+Carta","[""Consumer Packaged Goods"", ""Financial Services / Insurance"", ""Manufacturing & Distribution"", ""Retail""]"
mw2+consulting,MW2 Consulting,Bronze,"Magento optimization and development are the core of our e-commerce services. Our teams have industry knowledge, e-commerce best-practices and Magento best-practices to ensure you always have a best-in-class system.","[""Automotive"", ""B2B High Tech"", ""Consumer Packaged Goods"", ""Healthcare & Life Sciences"", ""Manufacturing & Distribution"", ""Media, Entertainment & Telecom"", ""Retail""]"
pixafy,Pixafy,Bronze,eCommerce + ERP: The  erpCommerce™ Agency.,"[""Automotive"", ""B2B High Tech"", ""Consumer Packaged Goods"", ""Manufacturing & Distribution"", ""Media, Entertainment & Telecom"", ""Retail""]"
plus+company,Plus Company,Bronze,Plus Company is a unique partnership of forward-thinking agencies.  We unabashedly believe that anything is possible.,"[""Automotive"", ""B2B High Tech"", ""Consumer Packaged Goods"", ""Education"", ""Financial Services / Insurance"", ""Government / Public Sector"", ""Manufacturing & Distribution"", ""Media, Entertainment & Telecom"", ""Non-Profit"", ""Retail"", ""Travel & Hospitality""]"
protiviti,Protiviti,Bronze,"Protiviti Digital is an innovative solution to deliver human centric experiences from Protiviti, a global consulting firm","[""B2B High Tech"", ""Consumer Packaged Goods"", ""Financial Services / Insurance"", ""Government / Public Sector"", ""Manufacturing & Distribution"", ""Media, Entertainment & Telecom"", ""Retail"", ""Travel & Hospitality""]"
staylime,Staylime,Bronze,"Staylime is a Magento design & development company that delivers ecommerce solutions to companies of all sizes, providing end users with engaging omnichannel shopping experience.","[""Automotive"", ""B2B High Tech"", ""Consumer Packaged Goods"", ""Education"", ""Financial Services / Insurance"", ""Government / Public Sector"", ""Healthcare & Life Sciences"", ""Manufacturing & Distribution"", ""Media, Entertainment & Telecom"", ""Non-Profit"", ""Other (HR / IT / Legal / etc.)"", ""Retail"", ""Travel & Hospitality""]"
sutrix+group,Sutrix Group,Bronze,"With over 20 years of delivering compelling digital experiences, Sutrix Group offers onsite Adobe Experience Cloud (AEC) consultancy and hybrid AEC development & integration services globally.","[""Automotive"", ""B2B High Tech"", ""Financial Services / Insurance"", ""Manufacturing & Distribution"", ""Media, Entertainment & Telecom"", ""Retail""]"
tmg,TMG,Bronze,TMG is a full-service commerce consultancy focused on customer experiences and digital transformation.,"[""B2B High Tech"", ""Consumer Packaged Goods"", ""Healthcare & Life Sciences"", ""Manufacturing & Distribution"", ""Retail""]"
to+the+new+pte+ltd,TO THE NEW Pte Ltd,Bronze,Providing a great digital experience leveraging the power of tech & innovation,"[""Automotive"", ""B2B High Tech"", ""Education"", ""Financial Services / Insurance"", ""Government / Public Sector"", ""Media, Entertainment & Telecom"", ""Non-Profit"", ""Other (HR / IT / Legal / etc.)"", ""Retail"", ""Travel & Hospitality""]"
techouts+inc.,Techouts Inc.,Bronze,"Techouts has expertise in implementing large CX Technologies like AEM, Analytics, Personalizing engine and eCommerce. And one of the handful of partners with expertise in integrating SAP Hybris+AEM, and Magento+AEM.","[""Automotive"", ""B2B High Tech"", ""Education"", ""Financial Services / Insurance"", ""Manufacturing & Distribution"", ""Media, Entertainment & Telecom"", ""Other (HR / IT / Legal / etc.)"", ""Retail"", ""Travel & Hospitality""]"
thought+leader+systems,Thought Leader Systems,Bronze,"Thought Leader Systems is a consulting, agency and training company providing the right software, strategy and campaigns for market success and thought leadership","[""Automotive"", ""B2B High Tech"", ""Financial Services / Insurance"", ""Manufacturing & Distribution"", ""Media, Entertainment & Telecom"", ""Other (HR / IT / Legal / etc.)"", ""Retail""]"
vation+digital+private+limited,Vation Digital Private Limited,Bronze,"Vation is a digital experience agency that aims to revolutionize the way businesses interact with their customers and employees by crafting experiences that resonate, inspire, and foster lasting loyalty.","[""Automotive"", ""B2B High Tech"", ""Consumer Packaged Goods"", ""Education"", ""Financial Services / Insurance"", ""Manufacturing & Distribution"", ""Media, Entertainment & Telecom"", ""Other (HR / IT / Legal / etc.)"", ""Retail"", ""Travel & Hospitality""]"
web+force+5,Web Force 5,Bronze,"More than you'd imagine, for less than you'd expect.","[""Automotive"", ""Consumer Packaged Goods"", ""Education"", ""Manufacturing & Distribution"", ""Non-Profit"", ""Retail"", ""Travel & Hospitality""]"
webloo,Webloo,Bronze,"Delivering consistent and groundbreaking creative solutions takes a village. That’s why at Webloo we’re backed by some of the world’s praiseworthy designers, engineers, and marketing pros.","[""Automotive"", ""B2B High Tech"", ""Consumer Packaged Goods"", ""Financial Services / Insurance"", ""Media, Entertainment & Telecom"", ""Retail"", ""Travel & Hospitality""]"
conexio,conexio,Bronze,Conexio is a global Customer Experience Management agency helping leading brands to create meaningful connections with their customers.,"[""Automotive"", ""B2B High Tech"", ""Consumer Packaged Goods"", ""Education"", ""Financial Services / Insurance"", ""Media, Entertainment & Telecom"", ""Non-Profit"", ""Other (HR / IT / Legal / etc.)"", ""Retail"", ""Travel & Hospitality""]"
